今のレベル,次のレベル,必要経験値,合計,1レベルの悪魔狩り（円）,合計の悪魔狩り（円）
2000,2001,1450000000,1450000000,4321.0,4321.0
2001,2002,1461600000,2911600000,4355.568,8676.568
2002,2003,1473292800,4384892800,4390.412544,13066.980544
2003,2004,1485079142,5869971942,4425.53584316,17492.516391133333
2004,2005,1496959775,7366931717,4460.9401295,21953.45651566667
2005,2006,1508935453,8875867170,4496.62764994,26450.084166599998
2006,2007,1521006937,10396874107,4532.6006722600005,30982.684837866665
2007,2008,1533174992,11930049099,4568.861476159999,35551.54631799999
2008,2009,1545440392,13475489491,4605.41236816,40156.9586802
2009,2010,1557803915,15033293406,4642.2556667,44799.21435186666
2010,2011,2071879208,17105172614,6174.20003984,50973.41438773333
2011,2012,2088454242,19193626856,6223.59364116,57197.008032866666
2012,2013,2105161876,21298788732,6273.38239048,63470.390425333324
2013,2014,2122003171,23420791903,6323.56944958,69793.95987193333
2014,2015,2138979196,25559771099,6374.15800408,76168.11787799999
2015,2016,2156091030,27715862129,6425.151269399999,82593.26914739999
2016,2017,2173339758,29889201887,6476.55247884,89069.82162226667
2017,2018,2190726476,32079928363,6528.36489848,95598.18652273333
2018,2019,2208252288,34288180651,6580.59181824,102178.77838666666
2019,2020,2225918306,36514098957,6633.23655188,108812.01492066667
2020,2021,2960471347,39474570304,8822.20461406,117634.219494
2021,2022,2984155118,42458725422,8892.78225164,126527.00179133333
2022,2023,3008028359,45466753781,8963.924509819999,135490.92622466668
2023,2024,3032092586,48498846367,9035.63590628,144526.56217266666
2024,2025,3056349327,51555195694,9107.920994459999,153634.483186
2025,2026,3080800122,54635995816,9180.78436356,162815.267484
2026,2027,3105446523,57741442339,9254.230638539999,172069.49815333332
2027,2028,3130290095,60871732434,9328.2644831,181397.76265133332
2028,2029,3155332416,64027064850,9402.890599679999,190800.65330266664
2029,2030,3180375074,67207439924,9477.51772052,200278.17100133334
2030,2031,4230164848,71437604772,12605.891243066666,212884.06220466667
2031,2032,4264006167,75701610939,12706.738376666666,225590.80058133331
2032,2033,4298118216,79999729155,12808.392285666665,238399.19291666665
2033,2034,4332503162,84332232317,12910.859426733334,251310.0523533333
2034,2035,4367163187,88699395504,13014.146296266666,264324.19859
2035,2036,4402100492,93101495996,13118.259470133333,277442.45808
2036,2037,4437317296,97538813292,13223.205544066666,290665.663634
2037,2038,4472815834,102011629126,13328.991183333334,303994.6548173333
2038,2039,4508598361,106520227487,13435.6231128,317430.27794999996
2039,2040,4544667148,111064894635,13543.108097066666,330973.38600733335
2040,2041,6044407307,117109301942,18012.333773866667,348985.7197613333
2041,2042,6092762566,123202064508,18156.432448666666,367142.15221
2042,2043,6141504667,129343569175,18301.683906666665,385443.8361166667
2043,2044,6190636704,135534205879,18448.097375933332,403891.9334826667
2044,2045,6240161798,141774367677,18595.682154066668,422487.6156466667
2045,2046,6290083092,148064450769,18744.447618133334,441232.0632846667
2046,2047,6340403757,154404854526,18894.403194866667,460126.4665093333
2047,2048,6391126987,160795981513,19045.558420266665,479172.02486999996
2048,2049,6442256003,167238237516,19197.922889933332,498369.94775
2049,2050,6493794051,173732031567,19351.506269,517721.4540686667
2050,2051,8636746088,182368777655,25737.503338266662,543458.9574466667
2051,2052,8705840057,191074617712,25943.403368866664,569402.360746
2052,2053,8775486777,199850104489,26150.950594466667,595553.31141
2053,2054,8845690671,208695795160,26360.158196599998,621913.4695966666
2054,2055,8916456196,217612251356,26571.039466066664,648484.5090726666
2055,2056,8987787846,226600039202,26783.607783066665,675268.116816
2056,2057,9059690149,235659729351,26997.876646999997,702265.9935126667
2057,2058,9132167670,244791897021,27213.859656599998,729479.8531593333
2058,2059,9205225011,253997122032,27431.570529799996,756911.4236593333
2059,2060,9278866811,263275988843,27651.0230938,784562.4467233333
2060,2061,12340892859,275616881702,36775.8607228,821338.307466
2061,2062,12439620003,288056501705,37070.06760993333,858408.3750659999
2062,2063,12539136963,300595638668,37366.62815073333,895775.0032266666
2063,2064,12639450059,313235088727,37665.5611788,933440.5644253333
2064,2065,12740565659,325975654386,37966.8856668,971407.450112
2065,2066,12842490184,338818144570,38270.62074633333,1009678.0711066666
2066,2067,12945230105,351763374675,38576.78571786667,1048254.8565066666
2067,2068,13048791946,364812166621,38885.400001066664,1087140.2566666666
2068,2069,13153182282,377965348903,39196.48320433333,1126336.74002
2069,2070,13258407740,391223756643,39510.055065199995,1165846.7948666667
2070,2071,17633682294,408857438937,52548.37323413333,1218395.1682199999
2071,2072,17774751753,426632190690,52968.76022493333,1271363.9281866665
2072,2073,17916949767,444549140457,53392.51030466666,1324756.4381933333
2073,2074,18060285365,462609425822,53819.65039266666,1378576.0884866666
2074,2075,18204767648,480814193470,54250.20758706667,1432826.2961333334
2075,2076,18350405789,499164599259,54684.209254199995,1487510.5060133333
2076,2077,18497209035,517661808294,55121.682929266666,1542632.1888333333
2077,2078,18645186707,536306995001,55562.65638586666,1598194.8451
2078,2079,18794348201,555101343202,56007.157635999996,1654202.0031333333
2079,2080,18944702987,574046046189,56455.21490026666,1710657.2180733331
2080,2081,25196454973,599242501162,75085.43582053334,1785742.65298
2081,2082,25398026614,624640527776,75686.11930773333,1861428.7724466666
2082,2083,25601210827,650241738603,76291.60826346667,1937720.3812266665
2083,2084,25806020514,676047759117,76901.94112973333,2014622.32182
2084,2085,26012468678,702060227795,77517.15665646666,2092139.4784466668
2085,2086,26220568427,728280796222,78137.29391146665,2170276.7730733333
2086,2087,26430332974,754711129196,78762.39226053332,2249039.165413333
2087,2088,26641775638,781352904834,79392.49139726667,2328431.6569
2088,2089,26854909843,808207814677,80027.63133313332,2408459.2877066666
2089,2090,27069749122,835277563799,80667.85238753333,2489127.1397266667
2090,2091,36002766332,871280330131,107288.24367333333,2596415.3834
2091,2092,36290788464,907571118595,108146.54963066666,2704561.9336266667
2092,2093,36581114772,944152233367,109011.72200466666,2813573.655333333
2093,2094,36873763690,981025997057,109883.81582599999,2923457.47106
2094,2095,37168753800,1018194750857,110762.88632399999,3034220.35798
2095,2096,37466103830,1055660854687,111648.98942333332,3145869.346906666
2096,2097,37765832661,1093426687348,112542.18134666666,3258411.528253333
2097,2098,38067959322,1131494646670,113442.51881333333,3371854.0470666667
2098,2099,38372502997,1169867149667,114350.05894,3486204.1060066666
2099,2100,38679483021,1208546632688,115264.85943933333,3601468.9653466665
2100,2101,51443712418,1259990345106,153302.26305133334,3754771.2281
2101,2102,51855262120,1311845607226,154528.68115733334,3909299.909853333
2102,2103,52270104217,1364115711443,155764.91061533333,4065064.819773333
2103,2104,52688265051,1416803976494,157011.02989866666,4222075.849473333
2104,2105,53109771171,1469913747665,158267.11807666664,4380342.968046666
2105,2106,53534649340,1523448397005,159533.25501333334,4539876.22306
2106,2107,53962926535,1577411323540,160809.52106933334,4700685.744526667
2107,2108,54394629947,1631805953487,162095.99720133332,4862781.7409333335
2108,2109,54829786987,1686635740474,163392.76526,5026174.506193333
2109,2110,55268425283,1741904165757,164699.90729466666,5190874.413686667
2110,2111,73507005626,1815411171383,219050.8767873333,5409925.290573333
2111,2112,74095061675,1889506233058,220803.28376666666,5630728.57434
2112,2113,74687822168,1964194055226,222569.71005666666,5853298.284893333
2113,2114,75285324745,2039479379971,224350.26770533333,6077648.552399999
2114,2115,75887607343,2115366987314,226145.06985333332,6303793.622253333
2115,2116,76494708202,2191861695516,227954.230436,6531747.853086667
2116,2117,77106665868,2268968361384,229777.86428266665,6761525.716773333
2117,2118,77723519195,2346691880579,231616.08721599999,6993141.804386666
2118,2119,78345307349,2425037187928,233469.01585333332,7226610.82024
2119,2120,78972069808,2504009257736,235336.76800399998,7461947.587846667
2120,2121,105032852845,2609042110581,312997.9014433333,7774945.489786667
2121,2122,105873115673,2714915226254,315501.88468666666,8090447.374473332
2122,2123,106720100598,2821635326852,318025.899788,8408473.27446
2123,2124,107573861403,2929209188255,320570.106972,8729043.381233333
2124,2125,108434452294,3037643640549,323134.667854,9052178.049186667
2125,2126,109301927912,3146945568461,325719.745142,9377897.793633332
2126,2127,110176343335,3257121911796,328325.50313333335,9706223.296766665
2127,2128,111057754082,3368179665878,330952.10711866664,10037175.406666666
2128,2129,111946216115,3480125881993,333599.723978,10370775.132333333
2129,2130,112841785844,3592967667837,336268.52178333333,10707043.646666666
2130,2131,150079575173,3743047243010,447237.13399666664,11154280.785133334
2131,2132,151280211782,3894327454792,450815.0310646667,11605095.810933333
2132,2133,152490453476,4046817908268,454421.55133066664,12059517.361866666
2133,2134,153710377104,4200528285372,458056.92375799996,12517574.294266665
2134,2135,154940060121,4355468345493,461721.3791973333,12979295.673066664
2135,2136,156179580602,4511647926095,465415.150188,13444710.821466666
2136,2137,157429017247,4669076943342,469138.47135533334,13913849.291133333
2137,2138,158688449385,4827765392727,472891.579212,14386740.872133333
2138,2139,159957956980,4987723349707,476674.7117606666,14863415.583
2139,2140,161237620636,5148960970343,480488.10948733333,15343903.6906
2140,2141,214446035446,5363407005789,639049.1855913333,15982952.879866665
2141,2142,216161603741,5579568609530,644161.5791253333,16627114.457799999
2142,2143,217890896571,5797459506101,649314.8717686667,17276429.329866666
2143,2144,219634023744,6017093529845,654509.3907253334,17930938.7194
2144,2145,221391095934,6238484625779,659745.4658813333,18590684.187466666
2145,2146,223162224701,6461646850480,665023.429606,19255707.613
2146,2147,224947522499,6686594372979,670343.61705,19926051.232533332
2147,2148,226747102679,6913341475658,675706.3659466666,20601757.600466665
2148,2149,228561079500,7141902555158,681112.01691,21282869.618866667
2149,2150,230389568136,7372292123294,686560.9130373334,21969430.527533334
2150,2151,306418125621,7678710248915,913126.0143873333,22882556.544999998
2151,2152,308869470642,7987579719557,920431.0224873333,23802987.5656
2152,2153,311340426407,8298920145964,927794.470672,24730782.03706667
2153,2154,313831149818,8612751295782,935216.8265033333,25665998.864066668
2154,2155,316341799017,8929093094799,942698.5611193333,26608697.418133333
2155,2156,318872533409,9247965628208,950240.149532,27558937.567466665
2156,2157,321423513676,9569389141884,957842.0707266666,28516779.64713333
2157,2158,323994901785,9893384043669,965504.8073639999,29482284.449133333
2158,2159,326586860999,10219970904668,973228.84578,30455513.29193333
2159,2160,329199555887,10549170460555,981014.676582,31436527.970799997
2160,2161,437835409330,10987005869885,1304749.5198133332,32741277.492599998
2161,2162,441338092627,11428343962512,1315187.5161466666,34056465.01073333
2162,2163,444868797368,11873212759880,1325709.0160533332,35382174.0248
2163,2164,448427747747,12321640507627,1336314.6880466666,36718488.709866665
2164,2165,452015169729,12773655677356,1347005.2056066666,38065493.91646667
2165,2166,455631291087,13229286968443,1357781.24718,39423275.1706
2166,2167,459276341416,13688563309859,1368643.4971733333,40791918.6638
2167,2168,462950552147,14151513862006,1379592.64496,42171511.31273334
2168,2169,466654156564,14618168018570,1390629.3868666666,43562140.6996
2169,2170,470387389817,15088555408387,1401754.4212066666,44963895.1218
2170,2171,625615228457,15714170636844,1864333.3804333333,46828228.49726666
2171,2172,630620150317,16344790787161,1879248.047993333,48707476.54426666
2172,2173,635665111520,16980455898681,1894282.0327666665,50601758.582
2173,2174,640750432412,17621206331093,1909436.2883533332,52511194.8634
2174,2175,645876435871,18267082766964,1924711.77928,54435906.644666664
2175,2176,651043447358,18918126214322,1940109.4730533331,56376016.11573333
2176,2177,656251794937,19574378009259,1955630.3491,58331646.469799995
2177,2178,661501809296,20235879818555,1971275.3918133334,60302921.8636
2178,2179,666793823770,20902673642325,1987045.5945266664,62289967.45713333
2179,2180,672128174360,21574801816685,2002941.9595133334,64292909.413666666
2180,2181,893930471899,22468732288584,2663912.80656,66956822.2242
2181,2182,901081915720,23369814204304,2685224.1086866665,69642046.32593332
2182,2183,908290571046,24278104775350,2706705.90158,72348752.23446666
2183,2184,915556895614,25193661670964,2728359.5490866667,75077111.7766
2184,2185,922881350779,26116543021743,2750186.4249866665,77827298.20953332
2185,2186,930264401585,27046807423328,2772187.9169666665,80599486.12153332
2186,2187,937706516798,27984513940126,2794365.4196666665,83393851.54119998
2187,2188,945208168932,28929722109058,2816720.34362,86210571.8878
2188,2189,952769834283,29882491943341,2839254.1063133334,89049825.99113333
2189,2190,960391992957,30842883936298,2861968.1391399996,91911794.13126667
2190,2191,1277321350633,32120205286931,3806417.6249866667,95718211.75426666
2191,2192,1287539921503,33407745208434,3836868.9665666665,99555080.696
2192,2193,1297840240875,34705585449309,3867563.91818,103422644.59133333
2193,2194,1308222962802,36013808412111,3898504.4287466663,107321149.032
2194,2195,1318688746504,37332497158615,3929692.4650666667,111250841.55666666
2195,2196,1329238256476,38661735415091,3961130.003873333,115211971.492
2196,2197,1339872162528,40001607577619,3992819.044746666,119204790.54866667
2197,2198,1350591139828,41352198717447,4024761.596206667,123229552.22533333
2198,2199,1361395868947,42713594586394,4056959.68962,127286511.90799999
2199,2200,1372287035899,44085881622293,4089415.36728,131375927.26733333
