tag,mapid,name,mobid,lvmin,lvmax,width,height
1,0,おじさん,250,1,1,100,100
,0,おじさん,251,1,1,100,100
,0,おばさん,252,1,1,100,100
,0,おばさん,253,1,1,100,100
,0,青年,255,1,1,100,100
,0,青年,254,1,1,100,100
,0,貴族,264,1,1,100,100
,0,貴族,265,1,1,100,100
,0,貴族の男の子,268,1,1,100,100
,0,貴族の女の子,269,1,1,100,100
,0,木こり,280,1,1,100,100
,0,木こり,281,1,1,100,100
,0,おじいさん,258,1,1,100,100
,0,おばあさん,259,1,1,100,100
,0,ケイルン,285,1,1,100,100
,0,クレンドル,299,1,1,100,100
,0,バルドゥル,251,1,1,100,100
,0,ティアラ,273,1,1,100,100
,0,おじさん,250,1,1,100,100
,0,露店組合試験官,301,1,1,100,100
,0,ブレナン,285,1,1,100,100
,0,マルコム,290,1,1,100,100
,0,コリン,302,1,1,100,100
,0,クゥガ,251,1,1,100,100
,1,シーフ,55,5,10,100,100
,1,毒スパイダー,466,25,30,110,110
,1,ヤングウルフ,186,7,11,70,70
,1,ウルフ,186,12,15,100,100
,1,スパイダー,155,7,11,100,100
,1,野原スパイダー,155,12,15,100,100
,1,森スパイダー,156,15,20,100,100
,1,幼いトランクマン,230,9,13,100,100
,1,トランクマン,232,14,17,100,100
,1,腕利きのシーフ,55,11,14,100,100
,1,熟練したシーフ,56,15,17,100,100
,1,エルフ戦士,90,12,14,100,100
,1,エルフ戦士,91,12,12,100,100
,1,素早いウルフ,186,12,14,100,100
,1,ヤマイヌ,186,15,17,100,100
,2,洞窟狼リーダー,187,17,20,110,110
,2,洞窟狼,186,23,25,100,100
,2,ヴァンパイア,1175,23,25,100,100
,2,下級ヴァンパイア,1175,17,19,100,100
,3,レッドアイ警備犬,187,25,30,110,110
,3,レッドアイ狂信者,62,41,45,110,110
,3,レッドアイ信奉者,60,25,30,100,100
,3,レッドアイ信奉者,60,31,35,100,100
,3,レッドアイ魔法師,1136,31,35,100,100
,3,レッドアイ信奉者,61,29,32,100,100
,4,レッドアイ警備犬,186,35,40,100,100
,4,レッドアイ魔法師,1136,41,45,100,100
,4,レッドアイ所員,81,35,40,100,100
,4,レッドアイ戦闘犬,187,45,50,120,120
,4,レッドアイ所員,81,40,45,100,100
,5,レッドアイ警備犬,186,45,52,100,100
,5,レッドアイ護衛兵,71,47,53,100,100
,5,レッドアイ所員,81,49,54,100,100
,5,レッドアイ幹部,1136,52,55,100,100
,5,ドゥームスフィア,1155,48,55,100,100
,5,イフリィト,237,58,65,80,80
,6,新米鷲戦士,110,10,13,100,100
,6,鷲戦士,110,14,17,100,100
,6,狐ハンター,50,10,13,100,100
,6,狼ハンター,50,14,17,100,100
,6,アーチャー,51,18,21,100,100
,6,ハイアーチャー,51,22,25,100,100
,6,リーチ,171,14,17,100,100
,6,ぴくっこ,171,18,21,100,100
,6,カゲロウの群れ,180,14,17,100,100
,6,羽虫の群れ,180,18,21,100,100
,6,オーガ,135,18,21,100,100
,6,オーガレイジ,135,22,25,100,100
,6,シンク,306,1,1,100,100
,6,オーガベテラン,136,27,30,100,100
,6,ヒュージマゴット,172,23,30,110,110
,6,小さな昆虫の群れ,181,23,26,80,80
,6,大きな昆虫の群れ,181,27,30,100,100
,7,蟲の群れ,180,30,35,110,110
,7,キングクラブ,177,28,33,120,120
,7,ブラックメイジ,66,30,32,100,100
,8,オーガ,135,63,65,90,90
,8,オーガソルジャー,136,60,63,95,95
,8,洞窟スコーピオン,1195,60,64,100,100
,8,ダークヒューマン,52,60,65,100,100
,9,オーガソルジャー,135,65,70,95,95
,9,オーガベテラン,135,67,70,100,100
,9,オーガチーフ,136,68,70,105,105
,9,インベノムテール,1195,65,70,100,100
,9,ワイルドハンター,53,75,80,100,100
,9,ベテランハンター,359,65,70,100,100
,10, 病気のコボルト,105,1,1,100,100
,10,兎ハンター,50,2,2,100,100
,10,コボルト,105,3,5,100,100
,10,リビングデッド,15,8,10,100,100
,10,ゴースト,25,6,10,100,100
,10,錆びた鎧霊,35,3,4,90,90
,10,変色した鎧霊,35,5,6,100,100
,10,レイジゴースト,25,9,10,110,110
,11,病気のコボルト,105,2,4,100,100
,11,コボルト,105,5,7,100,100
,11,下級グレムリン,105,2,4,100,100
,11,グレムリン,105,5,7,100,100
,11,両刀骸骨,5,2,4,100,100
,11,ストラッシュ,258,1,1,100,100
,12,グレムリン,105,5,7,100,100
,12,ファミリア,107,5,7,100,100
,12,ファミリアナイト,107,8,10,105,105
,12,ファミリアロード,108,16,18,120,120
,13,斧骸骨,0,5,8,100,100
,13,リザードマン,115,8,10,100,100
,13,バインダー,310,19,22,110,110
,13,リザードリーダー,425,9,9,100,100
,14,鷲人間,110,11,13,90,90
,14,鷲戦士,111,10,10,100,100
,14,ロトンミイラ,30,15,18,100,100
,14,ミイラ,30,14,14,100,100
,14,ハンター,51,13,15,100,100
,15,骸骨戦士,1,17,21,95,95
,15,骸骨狂戦士,2,20,20,120,120
,15,リザードウォリア,116,21,24,100,100
,15,ミイラ,30,23,24,100,100
,15,マミー,339,20,24,95,95
,15,ルーンアーチャー,360,18,20,85,85
,16,狩人,50,3,5,100,100
,16,ワーム,170,6,8,100,100
,16,スパイクワーム,170,10,15,100,100
,16,リザードウォリア,116,10,15,100,100
,16,リザードマン,115,3,8,100,100
,16,見習鷲戦士,110,5,7,100,100
,16,鷲戦士,110,8,10,100,100
,16,短斧槍兵,70,45,50,100,100
,16,スパイクワーム,170,10,15,100,100
,17,鷲戦士,110,5,8,95,95
,17,スパイダー,155,5,7,100,100
,17,メイジ,67,6,9,100,100
,17,ルーンスパイダー,157,8,9,100,100
,18,シーフ,55,18,24,100,100
,18,斧槍兵,71,23,26,100,100
,18,デススティック,1195,27,33,75,75
,19,ローグ,57,30,36,100,100
,19,コートナイト,71,35,41,100,100
,19,フーフー,201,34,37,100,100
,19,エリートナイト,71,43,45,100,100
,19,インベノムテール,1195,40,41,100,100
,19,超フーフー,202,53,55,80,80
,20,ブレイジャー,202,56,58,100,100
,20,シャドウ,57,60,62,95,95
,21,中型骸骨,10,60,65,95,95
,21,大型骸骨,10,66,70,100,100
,21,ミイラ,30,66,70,100,100
,21,オーク,85,68,70,100,100
,21,ディムジェスター,1115,60,64,100,100
,21,イビルスナイパー,52,64,67,90,90
,21,スナイパー,53,78,80,100,100
,22,巨人骸骨,11,70,75,100,100
,22,骸骨見習騎士,11,76,80,100,100
,22,ジャイアント,85,70,75,100,100
,22,タフジャイアント,394,76,80,100,100
,22,リプリートマーキ,1146,70,80,100,100
,22,ハイジャイアント,86,86,90,110,110
,23,骸骨見習騎士,12,80,85,90,90
,23,骸骨騎士,12,86,90,100,100
,23,キクロップス,394,83,86,90,90
,23,キアンクロップス,86,87,90,100,100
,23,シャドウス,1151,80,90,100,100
,23,シャドウソウル,802,90,100,110,110
,24,新米狩人,50,1,2,90,90
,24,狩人,50,3,5,100,100
,24,青亀,150,1,1,50,50
,24,ワニ亀,150,17,19,90,90
,24,ニックス,225,7,9,100,100
,24,バトルニックス,225,10,12,100,100
,24,変異スコーピオン,160,7,9,90,90
,24,大型スコーピオン,160,10,12,100,100
,24,ベテラン狩人,50,8,9,100,100
,24,スッポン,150,4,6,95,95
,25,淡水亀,1165,20,20,100,100
,25,飛海月,1203,15,15,100,100
,25,オクトパストン,1221,16,17,100,100
,25,リザードマン,115,18,19,100,100
,25,ゴースト,1116,15,20,75,75
,26,クラブシェル,175,25,28,100,100
,26,メロウ,1252,29,30,100,100
,26,リザードウォリア,116,30,32,100,100
,26,イリュージョン,1117,17,21,100,100
,26,マレラ,291,1,1,100,100
,26,ピランデルス,290,1,1,100,100
,27,牢屋の番人,291,1,1,100,100
,28,魔法使い,299,1,1,100,100
,28,商人,281,1,1,100,100
,28,クエストBugTest,292,1,1,100,100
,28,MainQuest後半部,293,1,1,100,100
,28,数値チェックお嬢,256,1,1,100,100
,28,称号01,290,1,1,100,100
,28,称号02,285,1,1,100,100
,28,称号03,291,1,1,100,100
,29,シーフ,55,16,18,100,100
,29,懸賞金ハンター,50,16,20,100,100
,29,ベテランシーフ,55,19,20,100,100
,29,変装したシーフ,50,18,20,100,100
,29,スコーピオン,161,18,23,100,100
,29,蟲の群れ,181,18,23,100,100
,30,堕落魔法師,66,25,27,100,100
,30,エクソシスト,76,25,27,100,100
,30,堕落召喚師,80,25,27,100,100
,30,パン,220,25,30,100,100
,30,ストラグラー,65,27,30,100,100
,30,殺人蚊の群れ,182,30,40,100,100
,30,クラブシェル,175,30,40,100,100
,31,山賊,112,33,35,100,100
,31,マジックゴーレム,217,30,32,100,100
,31,山賊手下,52,30,32,100,100
,31,山賊の頭,52,43,45,100,100
,32,シーフ,55,15,20,100,100
,32,コボルト,105,15,20,100,100
,32,コボルトナイト,107,25,30,110,110
,33,ゾンビ,17,35,40,100,100
,33,堕落魔法師,66,35,40,100,100
,33,ゾンビド,17,45,50,110,110
,34,ロバー,56,30,35,100,100
,34,ファミリア,106,30,35,100,100
,34,ジャンキー,21,30,35,100,100
,35,インプ,109,40,40,100,100
,35,アサシン,59,80,95,105,105
,35,アサシンビギナー,58,40,40,100,100
,36,鉱員,282,1,1,100,100
,36,おばさん,253,1,1,100,100
,36,おばさん,252,1,1,100,100
,36,男の子,260,1,1,100,100
,36,女の子,262,1,1,100,100
,36,おじさん,280,1,1,100,100
,36,おじいさん,258,1,1,100,100
,36,おじさん,250,1,1,100,100
,36,おじさん,251,1,1,100,100
,36,おばあさん,259,1,1,100,100
,36,コルナ,303,1,1,100,100
,36,青年,255,1,1,100,100
,36,ハヌスィム,271,1,1,100,100
,36,アルテイン,300,1,1,100,100
,36,シミル,299,1,1,100,100
,36,鉱員,282,1,1,105,95
,36,ビルリト,282,1,1,100,100
,36,フリーマン,302,1,1,100,100
,36,シュコブベック,299,1,1,100,100
,36,ラサリル,291,1,1,100,100
,36,シュコブベック,299,1,1,100,100
,37,洞窟狼,185,35,40,100,100
,37,ロックゴーレム,1241,35,40,100,100
,38,ロックゴーレム,1241,43,45,100,100
,38,ロックゴーレム,1242,40,40,100,100
,41,ブラックメイジ,67,55,60,100,100
,41,バラフェド,282,1,1,100,100
,41,ブラックメイジ,1128,55,60,100,100
,42,ブラックメイジ,67,65,70,100,100
,42,ソードスパイダー,1186,65,70,90,90
,42,ブラックメイジ,1128,65,70,100,100
,43,ソーサラー,1126,75,80,100,100
,43,ソードスパイダー,1186,75,80,100,100
,44,ソーサラー,67,85,90,100,100
,44,ロックゴーレム,1243,85,90,100,100
,44,ソーサラー,1128,85,90,100,100
,45,鷲狂戦士,112,100,110,100,100
,45,コロッサス,397,110,120,100,100
,45,イリュージョン,26,100,110,100,100
,45,イーグルナイト,113,110,120,105,105
,46,鷲狂戦士,420,115,130,100,100
,46,ファントム,1121,115,130,100,100
,46,チタン,89,125,125,120,120
,46,鷲剣士,113,115,130,100,100
,47,リザードキリング,117,50,55,100,100
,47,リザードクレイジ,118,60,60,100,100
,48,リザードキリング,117,60,65,100,100
,49,リザードチャージ,122,70,75,100,100
,49,リザードドレイク,123,80,85,100,100
,50,デスピンサー,162,80,90,100,100
,51,ビホルダー,102,95,100,100,100
,52,キングクラブ,178,100,110,100,100
,52,メロウ,226,100,110,100,100
,52,デスピンサー,162,100,110,100,100
,53,クローラー,173,110,120,100,100
,53,デスピンサー,162,110,120,100,100
,53,キャンサー,488,110,110,100,100
,53,ハンター,53,120,130,100,100
,54,ローグ,56,25,30,100,100
,54,グレムリン,106,25,30,100,100
,55,斧槍兵,70,30,32,100,100
,55,アーチャー,51,30,32,100,100
,55,ソルジャー,71,40,42,100,100
,56,スナイパー,53,32,35,100,100
,56,イスペンド,53,40,40,105,105
,57,ゾンビ,16,35,40,100,100
,57,ブラックメイジ,66,35,40,100,100
,57,ゾンビド,17,45,50,110,110
,57,ゾンビ,18,50,50,120,120
,57,ブラックメイジ,1127,35,40,100,100
,58,大型骸骨,10,40,45,100,100
,58,ゴースト,1117,40,45,100,100
,59,オーガチーフ,136,45,45,100,100
,59,オーガオフィサー,137,55,55,110,110
,59,テレス,291,1,1,100,100
,60,ゼンシ,305,1,1,100,100
,61,ワリド,301,1,1,100,100
,62,クリムスン,307,1,1,100,100
,62,お嬢さん,257,1,1,100,100
,62,青年,255,1,1,100,100
,62,婦人,252,1,1,100,100
,63,ブラックメイジ,374,50,55,100,100
,63,フェイズスパイダ,1185,50,55,100,100
,63,鉱員,282,1,1,100,100
,63,ブラックメイジ,1131,50,55,100,100
,64,ブラックメイジ,65,55,60,100,100
,64,フェイズスパイダ,1185,55,60,100,100
,64,鉱員,282,1,1,100,100
,64,ブラックメイジ,1126,55,60,100,100
,65,ソーサラー,66,60,65,100,100
,65,ソードスパイダー,1186,60,65,90,90
,65,ソーサラー,1127,60,65,100,100
,66,ソーサラー,66,70,75,100,100
,66,ロックゴーレム,1242,70,80,90,90
,66,フレアソーサラー,68,85,90,90,90
,66,ソーサラー,1127,70,75,100,100
,67,コロッサス,88,90,90,90,90
,67,鷲狂戦士,112,85,90,100,100
,67,鉱員,282,1,1,100,100
,68,リーチ,171,35,38,100,100
,68,アーチャー,51,35,38,100,100
,68,野良犬,185,39,42,100,100
,68,鎧霊,36,39,42,100,100
,68,ゴースト,25,39,42,100,100
,68,ロックゴーレム,217,43,45,100,100
,68,シューター,52,43,45,100,100
,68,ティンバーマン,231,43,45,100,100
,68,リトルエント,231,53,55,80,80
,69,イソガニ,175,40,50,50,50
,69,ヒュージタートル,151,40,50,100,100
,69,蟲の群れ,180,40,45,100,100
,69,ウルフ,186,40,45,100,100
,69,ウルフ,186,46,50,100,100
,69,鋏昆虫の群れ,181,46,50,100,100
,69,蜂の群れ,181,46,50,150,150
,70,シューター,52,45,50,100,100
,70,シーフ,55,51,54,100,100
,70,蟲の群れ,180,51,54,100,100
,70,ヴァンパイア,40,51,54,100,100
,70,原始人,62,54,55,100,100
,70,ウガブガ,62,64,65,80,80
,70,エルライン,288,1,1,100,100
,71,聖騎士,285,100,100,100,100
,71,聖騎士,286,1,1,100,100
,71,主教,287,1,1,100,100
,71,神父,288,1,1,100,100
,71,修道女,289,1,1,100,100
,71,住民,305,1,1,100,100
,71,住民,255,1,1,100,100
,71,住民,257,1,1,100,100
,71,住民,258,1,1,100,100
,71,住民,252,1,1,100,100
,71,住民,307,1,1,100,100
,71,住民,306,1,1,100,100
,71,住民,253,1,1,100,100
,71,ミレバン,299,1,1,100,100
,71,ザクジュード,288,1,1,100,100
,71,アンティオクス,287,1,1,100,100
,71,ベルトラム,288,1,1,100,100
,71,フィギュラン,278,1,1,100,100
,71,クレミ,264,1,1,100,100
,71,モリガン,257,1,1,100,100
,71,ロビン,256,1,1,100,100
,72,リザードチャージ,121,55,57,100,100
,72,リザードトルーパ,122,58,61,100,100
,72,スナッチャー,57,62,65,100,100
,72,フェイズスパイダ,156,62,65,100,100
,72,ソードスパイダー,157,65,65,100,100
,72,オーガ,135,65,65,100,100
,72,警備兵,284,1000,1000,100,100
,73,リザードウォリア,116,60,63,100,100
,73,ゴブリン,107,62,65,100,100
,73,シューター,52,62,65,100,100
,73,オーガ,135,64,67,100,100
,73,ゴブリン,107,66,70,100,100
,73,鷲闘士,111,66,70,100,100
,73,サイドウォーカー,177,70,70,100,100
,73,シューター,52,70,70,100,100
,74,住民,250,1,1,100,100
,74,住民,251,1,1,100,100
,74,住民,252,1,1,100,100
,74,住民,254,1,1,100,100
,74,住民,255,1,1,100,100
,74,士官学校女教官,295,1,1,100,100
,74,船員,283,1,1,100,100
,74,ランバート,265,1,1,100,100
,74,クリス,301,1,1,100,100
,74,住民,304,1,1,100,100
,74,住民,306,1,1,100,100
,74,住民,253,1,1,100,100
,74,ガーウィンテル,272,1,1,100,100
,74,デクストラル,300,1,1,100,100
,74,ルインズテラ,305,1,1,100,100
,74,ラビルライシ,307,1,1,100,100
,74,おじいさん,258,1,1,100,100
,74,ロマ,270,1,1,100,100
,74,ロマ,273,1,1,100,100
,74,斧槍兵,284,1,1,100,100
,74,傭兵,290,1,1,100,100
,74,傭兵,291,1,1,100,100
,74,コジ,292,1,1,100,100
,74,露店組合試験官,304,1,1,100,100
,74,ハスナン,286,1,1,100,100
,74,ジャック・ハンマ,271,1,1,100,100
,75,エルフ戦士,399,100,115,100,100
,75,エルフ暗殺者,400,100,115,100,100
,76,エルフ戦士,399,101,115,100,100
,76,エルフ暗殺者,400,101,115,100,100
,77,エルフ戦士,399,102,115,100,100
,77,エルフ暗殺者,400,102,115,100,100
,78,エルフ戦士,399,103,115,100,100
,78,エルフ暗殺者,400,103,115,100,100
,79,原始人,371,104,115,100,100
,80,バーバリアン,370,105,115,100,100
,81,バーバリアン,370,106,115,100,100
,82,バーバリアン,370,107,115,100,100
,82,エルフ暗殺者,400,107,115,100,100
,83,バーバリアン,371,108,115,100,100
,83,エルフ戦士,399,108,115,100,100
,83,エルフ暗殺者,400,108,115,100,100
,84,エルフ戦士,399,109,115,100,100
,85,エルフ戦士,399,110,115,100,100
,85,エルフ暗殺者,400,120,125,100,100
,86,原始人,371,111,115,100,100
,86,エルフ暗殺者,400,111,115,100,100
,87,エルフ暗殺者,400,112,115,100,100
,88,エルフ暗殺者,400,113,115,100,100
,88,原始人,371,113,115,95,95
,88,イーター,372,115,115,110,110
,89,エルフ暗殺者,400,114,115,100,100
,89,スナイパー,362,114,115,100,100
,90,原始人,371,115,115,100,100
,91,エルフ暗殺者,400,115,115,100,100
,92,エルフ暗殺者,400,125,140,100,100
,92,原始人,371,120,130,100,100
,92,ガーディアン,347,295,300,100,100
,92,エルフ冒険家,401,140,155,100,100
,93,リーチ,480,67,70,100,100
,94,クレナ,272,1,1,100,100
,94,クロウン,301,1,1,100,100
,94,警備員,296,1,1,100,100
,94,警備員,294,1,1,100,100
,94,お嬢さん,256,1,1,100,100
,94,おばさん,253,1,1,100,100
,94,青年,304,1,1,100,100
,94,おばあさん,307,1,1,100,100
,94,ウードスタック,264,1,1,100,100
,95,ガルプレン,306,1,1,100,100
,95,貴族婦人,266,1,1,100,100
,95,貴族婦人,267,1,1,100,100
,96,ゴブリン,107,45,52,100,100
,96,ローグ,56,47,52,100,100
,96,シューター,52,48,52,100,100
,97,オーガエキサイト,136,60,65,105,105
,97,オーガ,135,55,60,105,105
,98,スナッチャー,56,54,60,100,100
,98,スナッチャー,52,57,60,100,100
,98,ロバー,365,55,55,105,105
,99,リザードウォリア,117,60,65,100,100
,99,偽伝道者,76,60,65,100,100
,99,ナーガファイター,118,65,70,110,110
,99,偽伝道者,384,65,70,100,100
,100,リザードライダー,121,70,75,100,100
,100,ファイアドレイク,237,80,80,90,90
,100,ファイアドレイク,238,85,85,110,110
,101,ローグ,56,74,80,100,100
,101,グレムリン,106,72,80,100,100
,102,プレーガー,22,80,90,100,100
,102,堕落魔法師,66,80,90,100,100
,102,グレムリン,106,80,90,100,100
,102,プレーガー,23,100,100,120,120
,102,堕落魔法師,1127,80,90,100,100
,103,プレーガー,22,90,100,100,100
,103,幽霊鎧,37,90,100,95,95
,103,スナッチャー,57,90,100,100,100
,104,鷲狂戦士,112,105,110,100,100
,104,ジャンキー,23,105,110,100,100
,104,グレムリン,107,101,110,100,100
,105,シーフ,55,10,15,100,100
,105,ソードスパイダー,157,10,15,100,100
,105,タティ,303,1,1,100,100
,106,ローグ,56,30,35,100,100
,107,ローグ,56,50,55,100,100
,108,ローグ,56,70,75,100,100
,108,シーフ倉庫番,58,80,80,100,100
,109,スナッチャー,57,95,100,100,100
,109,リーチ,171,95,100,100,100
,109,スナッチャー,57,100,105,100,100
,109,リーチ,171,100,105,100,100
,110,殺人蚊の群れ,489,100,110,100,100
,111,ローグ,364,110,115,100,100
,111,マゴット,479,115,120,100,100
,111,ローグ,365,120,125,100,100
,111,マゴット,480,125,130,100,100
,112,スナッチャー,365,140,150,100,100
,112,殺人蚊の群れ,1217,140,150,100,100
,112,殺人蚊の群れ,1217,130,140,100,100
,113,スナッチャー,366,140,150,100,100
,113,殺人蚊の群れ,1218,140,150,100,100
,113,ストーカー,362,150,160,100,100
,113,死人蚊の群れ,1219,150,160,100,100
,114,ブレイザー,201,60,70,100,100
,115,ドゥームスフィア,1160,115,120,100,100
,116,警備員,290,1,1,100,100
,116,住民,252,1,1,100,100
,116,おじいさん,258,1,1,100,100
,116,住民,305,1,1,100,100
,117,メルチェント,301,1,1,100,100
,117,お嬢さん,256,1,1,100,100
,117,お嬢さん,272,1,1,100,100
,117,住民,252,1,1,100,100
,117,ちびっこ,261,1,1,100,100
,117,ちびっこ,263,1,1,100,100
,118,警備兵,284,1,1,100,100
,118,警備員,290,1,1,100,100
,118,警備員,291,1,1,100,100
,118,ジェカス・ミロン,304,1,1,100,100
,119,マゴット,171,30,35,100,100
,119,メタルゴーレム,1241,35,40,80,80
,120,マゴット,172,60,65,100,100
,121,マゴット,172,80,85,100,100
,121,クローラー,173,80,90,110,110
,121,ロックゴーレム,217,80,90,100,100
,122,ロストハンター,52,55,60,100,100
,122,ゾンビ,17,50,65,100,100
,122,降神術師,83,50,65,100,100
,123,クローラー,173,75,82,95,95
,123,クローラー,173,83,90,105,105
,123,マーマン,227,85,90,105,105
,124,水晶烏賊,168,110,120,100,100
,124,マーマン,227,120,130,100,100
,125,キングクラブ,178,150,155,105,105
,125,水晶烏賊,168,155,165,100,100
,126,トライアングル,153,180,185,101,101
,126,ナーガファイター,118,185,190,102,102
,126,トライアングル,153,190,195,105,105
,126,ナーガファイター,118,195,200,100,100
,126,ナーガナイト,123,180,180,95,95
,126,ナーガナイト,123,185,185,105,105
,127,オーガソルジャー,445,70,74,100,100
,127,ワーラット,126,70,74,100,100
,127,エアスライム,167,75,77,100,100
,127,ゴートマン,449,78,80,100,100
,127,ソードスパイダー,157,78,80,100,100
,128,ゴブリン,107,65,68,100,100
,128,野良犬,185,65,68,100,100
,128,淡水亀,150,69,72,100,100
,128,オーガ,135,69,72,100,100
,128,リーチ,171,73,75,100,100
,128,フェイズスパイダ,156,73,75,100,100
,128,病気のゴブリン,107,53,55,90,90
,128,疲れた野良犬,185,53,55,90,90
,128,ゴブリンリーダー,418,83,85,100,100
,129,堕落魔法師,66,40,50,100,100
,129,フェイズスパイダ,156,40,50,100,100
,129,狩人,50,25,40,100,100
,129,ブラックベアー,195,25,40,100,100
,129,ファントム,27,20,25,100,100
,129,ワーラット,435,20,25,100,100
,129,アベル,290,1,1,100,100
,130,オーガ,135,45,50,100,100
,130,オーガソルジャー,136,45,50,100,100
,130,エルフ戦士,90,51,60,100,100
,130,狩人,52,51,60,100,100
,130,リザードライダー,120,40,45,100,100
,130,野良犬,185,30,40,100,100
,130,蟲の群れ,180,30,40,50,50
,130,殺人蚊の群れ,182,40,45,100,100
,130,ワーム,170,40,45,100,100
,130,オーガポーター,137,70,79,100,100
,130,エルフリーダー,92,55,60,100,100
,131,ウルフ,186,55,59,100,100
,131,ダイアーウルフ,188,55,59,100,100
,131,ロックゴーレム,217,59,64,100,100
,131,リプリートマーキ,241,64,65,100,100
,132,トレント,232,15,20,100,100
,132,アーチャー,51,15,20,100,100
,132,シューター,52,21,25,100,100
,132,木こり,280,1,1,100,100
,132,木こり ,280,1,1,100,85
,132,木こり,281,1,1,95,100
,132,木こり,281,1,1,110,100
,132,チェインシャ,281,1,1,100,100
,132,プレシャン,52,30,30,100,100
,133,オーガチーフ,135,70,75,100,100
,133,オーガチーフ,136,75,80,100,100
,133,エルフ暗殺者,90,100,105,100,100
,133,エルフ暗殺者,90,105,110,100,100
,133,オーガオフィサー,137,70,80,105,105
,134,ウィーブウィドウ,158,160,165,100,100
,134,ウィーブウィドウ,158,165,170,100,100
,134,キングベアー,506,200,200,150,150
,134,ラットシーフ,128,165,170,105,105
,134,ラットシーフ,128,160,165,100,100
,135,クレイゴーレム,216,95,100,100,100
,135,ロックゴーレム,217,95,100,100,100
,136,フェイズスパイダ,1189,100,105,100,100
,136,ゴブリン,416,100,105,100,100
,136,クレイゴーレム,1247,105,107,100,100
,136,ソードスパイダー,1190,105,110,100,100
,136,ファミリア,417,105,110,100,100
,136,ロックゴーレム,1248,107,110,100,100
,138,ソードスパイダー,1190,125,130,100,100
,138,マゴット,481,123,127,100,100
,138,クリーパー,483,125,130,100,100
,138,グレムリン,415,120,125,100,100
,139,ファミリア,417,134,140,100,100
,139,ゴブリン,416,136,140,100,100
,139,ゴブリン,416,130,136,100,100
,140,デスピンサー,1200,146,150,100,100
,140,ソードスパイダー,1190,143,146,100,100
,140,デスピンサー,1200,140,143,100,100
,141,ソードスパイダー,1190,150,155,100,100
,141,ブラウンベアー,505,155,160,106,106
,142,デスピンサー,1200,146,150,100,100
,143,ケーブ族,371,150,154,100,100
,143,ケーブ族リーダー,63,157,160,100,100
,143,洞窟狼,495,154,158,100,100
,143,ケーブ族,371,150,154,100,100
,144,ケーブ族,371,160,164,100,100
,144,ケーブ族リーダー,63,167,170,100,100
,144,洞窟狼,495,164,167,100,100
,145,ケーブ族,371,176,180,100,100
,145,ケーブ族リーダー,63,170,170,100,100
,145,ケーブ族,373,170,170,100,100
,146,ファントム,336,185,187,100,100
,146,ブラックベアー,505,187,190,105,105
,147,ファントム,1123,194,196,100,100
,147,ブラックベアー,505,196,200,105,105
,148,ブラックベアー,505,200,203,105,105
,148,ラティアン,436,203,205,100,100
,148,ファントム,1123,205,207,100,100
,148,バンシー,1124,200,200,105,105
,149,ファントム,1123,215,217,100,100
,149,エクソシスト,385,210,213,100,100
,149,バンシー,1124,210,210,105,105
,150,古代ヴァンパイア,601,280,285,110,110
,150,ヴァンパイア,349,220,225,100,100
,150,上級ヴァンパイア,349,225,235,100,100
,150,ハイエクソシスト,385,215,230,100,100
,151,ブルーテンプラー,73,225,229,100,100
,151,マーマンヒーロー,228,240,244,100,100
,151,マーマンヒーロー,228,240,244,100,100
,151,マーマンヒーロー,228,240,244,100,100
,151,マーマンヒーロー,228,240,244,100,100
,151,マーマンヒーロー,228,250,254,100,100
,151,マーマンヒーロー,228,250,254,100,100
,151,アイステンプラー,73,255,259,100,100
,151,マーマンヒーロー,228,260,264,100,100
,151,マーマンヒーロー,228,270,274,100,100
,151,ブルーテンプラー,73,215,219,100,100
,151,ブルーテンプラー,73,225,229,100,100
,151,ブルーテンプラー,73,235,239,100,100
,151,マーマンヒーロー,228,240,244,100,100
,151,アイステンプラー,73,245,249,100,100
,151,マーマンヒーロー,228,250,254,100,100
,151,アイステンプラー,73,255,259,100,100
,151,マーマンヒーロー,228,260,264,100,100
,151,アイステンプラー,73,265,269,100,100
,151,マーマンヒーロー,228,270,274,100,100
,151,シーテンプラー,74,274,280,100,100
,151,ブルースカウト,53,270,280,100,100
,151,シーテンプラー,74,280,290,100,100
,152,捨て犬,185,15,20,85,85
,152,コボルト,105,15,20,100,100
,152,モルモット,20,15,20,100,100
,152,レッドアイ魔法師,95,15,20,100,100
,152,バガボンド,55,10,15,100,100
,153,Ｍギルド員,291,1,1,100,100
,153,Ｍギルド員,290,1,1,100,100
,153,Ｎギルド員,296,1,1,100,100
,153,Ｎギルド員,297,1,1,100,100
,153,パルペナ,273,1,1,100,100
,153,警備兵,284,1,1,100,100
,154,スナッチャー,57,40,41,100,100
,154,グール,16,40,41,100,100
,154,スナッチャー,57,42,44,100,100
,154,ゾンビ,17,42,44,100,100
,154,エンバームド,32,49,50,100,100
,155,ガーゴイル,211,65,75,100,100
,155,スターヒール盗賊,52,65,70,95,95
,155,スターヒール盗賊,53,70,75,105,105
,155,スターヒール盗賊,71,70,75,100,100
,155,傭兵のミイラ,31,75,80,100,100
,155,ホーンド,142,75,75,100,100
,156,ソードスパイダー,157,20,22,100,100
,156,リーチ,171,23,25,100,100
,156,スコーピオン,160,29,30,100,100
,156,砂漠スパイダー,156,25,28,100,100
,156,ドライミイラ,31,38,40,70,100
,156,ルーンスコルピオ,161,34,37,100,100
,157,骸骨狂戦士,309,75,80,100,100
,157,骸骨狂戦士,310,81,85,100,100
,157,ゴースト,1121,80,80,100,100
,157,骸骨狂戦士,3,80,85,100,100
,158,骸骨騎士,319,90,95,85,85
,158,ゴースト,1121,85,90,100,100
,159,ファントム,1123,150,155,100,100
,159,ファントム,1123,156,160,100,100
,160,レイス,355,160,165,60,60
,160,レイス,355,165,170,70,70
,160,ワイト,356,165,165,100,100
,161,幽霊鎧,344,100,110,100,100
,161,スナッチャー,365,100,110,100,100
,162,ゾンビ,325,115,120,100,100
,163,リッチ,357,260,270,100,100
,164,古代ヴァンパイア,350,220,223,100,100
,164,古代ヴァンパイア,350,224,226,100,100
,164,古代ヴァンパイア,350,227,230,100,100
,164,メビダン,351,220,223,100,100
,164,カルテル,351,224,226,100,100
,164,カルション,351,227,230,100,100
,164,カルステバン,55,1,1,100,100
,165,グリーンゴーレム,218,240,250,100,100
,165,バンシー,28,240,250,100,100
,165,ブルーゴーレム,219,230,240,100,100
,166,アライブコープス,333,245,255,100,100
,166,食人スコーピオン,163,245,255,100,100
,167,守護鎧,347,260,270,100,100
,167,一流盗掘者,367,260,270,100,100
,168,セスナ,293,1,1,100,100
,168,ブロス,299,1,1,100,100
,168,ブレンティ,273,1,1,100,100
,168,ソードスパイダー,157,98,100,100,100
,168,ブレイザー,202,101,103,100,100
,168,スナッチャー,57,104,105,100,100
,169,デビルスカラー,82,65,70,100,100
,169,殺人蚊の群れ,182,65,70,100,100
,169,ウルフ,186,60,64,100,100
,169,ゴブリン,107,60,64,90,90
,170,マミー,33,50,55,100,100
,171,傭兵,290,1,1,100,100
,171,傭兵,291,1,1,100,100
,171,ロマ,270,1,1,100,100
,171,ロマ,274,1,1,100,100
,171,ロマ,275,1,1,100,100
,171,青年,255,1,1,100,100
,171,お嬢さん,256,1,1,100,100
,171,神父,288,1,1,100,100
,171,婦人,252,1,1,100,100
,171,青年,254,1,1,100,100
,172,お嬢さん,257,1,1,100,100
,172,おじさん,251,1,1,100,100
,172,女の子,263,1,1,100,100
,172,ペナック,250,1,1,100,100
,172,ペロペロ,189,850,850,50,50
,173,婦人,253,1,1,100,100
,173,傭兵,290,1,1,100,100
,173,ハノブ商人,304,1,1,100,100
,173,アサス,292,1,1,100,100
,174,ドゥームスフィア,410,350,360,100,100
,175,ブラックメイジ,376,340,350,100,100
,175,ドゥームスフィア,410,340,350,100,100
,176,ファントム,336,330,340,100,100
,176,ドゥームスフィア,410,330,340,100,100
,177,骸骨剣士,316,320,330,100,100
,177,ファミリア,417,320,330,100,100
,178,骸骨剣士,316,310,320,100,100
,178,食人スコーピオン,472,310,320,100,100
,179,デスピンサー,471,300,310,100,100
,179,食人スコーピオン,472,300,310,100,100
,180,デスピンサー,471,290,300,100,100
,180,ポイズンテール,470,290,300,100,100
,181,デスピンサー,471,200,210,100,100
,182,ソードスパイダー,466,210,220,90,90
,182,デスピンサー,471,210,220,100,100
,183,ソードスパイダー,466,220,230,100,100
,183,ウィーブウィドウ,467,220,230,100,100
,184,キメラ,463,230,240,120,120
,185,ブラックメイジ,376,240,250,100,100
,185,マーブルガゴイル,520,240,250,100,100
,185,ソーサラー,377,240,240,100,100
,186,ブラックメイジ,376,250,255,100,100
,187,キメラ,463,255,260,120,120
,188,キメラ,463,260,265,100,100
,189,骸骨騎士,321,265,270,100,100
,190,イリュージョン,335,270,275,100,100
,191,ファントム,336,275,280,100,100
,191,ワイト,356,265,270,100,100
,192,リッチ,357,270,270,100,100
,193,マカス,250,1,1,100,100
,193,バベロ,251,1,1,100,100
,193,バンへセル,254,1,1,100,100
,193,ハスピン,259,1,1,100,100
,193,ゼネス,304,1,1,100,100
,193,カオリン,305,1,1,100,100
,193,セピス,307,1,1,100,100
,193,ヨネス,290,1,1,100,100
,193,ハナプ,306,1,1,100,100
,193,ロマちびっこ,275,1,1,100,100
,193,住民,251,1,1,100,100
,193,住民,252,1,1,100,100
,193,住民,253,1,1,100,100
,193,ちびっこ,261,1,1,100,100
,193,ちびっこ,263,1,1,100,100
,193,ロマ,272,1,1,100,100
,193,ポーター,283,1,1,100,100
,193,住民,307,1,1,100,100
,193,パナパレ,300,1,1,100,100
,193,大富豪,264,1,1,100,100
,193,大富豪,266,1,1,100,100
,193,大富豪,265,1,1,100,100
,193,傭兵,291,1,1,100,100
,193,クロマティガード,296,1,1,100,100
,193,クロマティガード,294,1,1,100,100
,194,青年,254,1,1,100,100
,194,お嬢さん,256,1,1,100,100
,194,青年,270,1,1,100,100
,194,バーテンダー,302,1,1,100,100
,194,傭兵,290,1,1,100,100
,194,酔っ払い,258,1,1,100,100
,194,青年,255,1,1,100,100
,195,傭兵,290,1,1,100,100
,195,傭兵,291,1,1,100,100
,195,商人,251,1,1,100,100
,195,バシパー,301,1,1,100,100
,195,魔法傭兵,300,1,1,100,100
,196,フェイズスパイダ,1185,25,30,100,100
,196,ラットマン,125,25,30,100,100
,197,クローラー,172,45,60,100,100
,197,茶色の子熊,195,45,60,50,50
,197,クローラー,172,30,45,100,100
,197,茶色の子熊,195,30,45,50,50
,198,倉庫管理人,250,1,1,100,100
,198,ポーター,283,1,1,100,100
,199,傭兵,291,1,1,100,100
,199,傭兵,290,1,1,100,100
,199,ポーター,283,1,1,100,100
,199,倉庫管理者,301,1,1,100,100
,200,ハナピ,307,1,1,100,100
,200,傭兵,290,1,1,100,100
,200,旅行者,255,1,1,100,100
,200,マイト,265,1,1,100,100
,200,トラブス,254,1,1,110,90
,201,宝石商,304,1,1,100,100
,202,ハヌス,306,1,1,100,100
,202,傭兵,290,1,1,100,100
,202,住民,253,1,1,100,100
,203,貴族,265,1,1,100,100
,203,傭兵,290,1,1,100,100
,203,召使い,305,1,1,100,100
,203,召使い,255,1,1,100,100
,203,召使い,253,1,1,100,100
,203,召使い,301,1,1,100,100
,203,貴族,267,1,1,100,100
,203,貴族,269,1,1,100,100
,204,フェイズスパイダ,465,65,70,100,100
,204,ティンバーマン,540,65,70,80,80
,204,トレント,541,65,70,100,100
,204,ブラウンベアー,505,55,60,60,60
,204,スマグ警備隊,284,1,1,100,100
,204,スマグ警備隊,300,1,1,100,100
,204,スマグ警備隊,299,1,1,100,100
,205,トレント,541,70,75,100,100
,205,ウルフ,495,73,75,100,100
,205,ブラウンベアー,505,100,110,75,75
,205,ブラックベアー,504,108,109,70,70
,205,ブラウンベアー,505,115,117,80,80
,205,ソードスパイダー,466,106,108,100,100
,205,ティンバーマン,540,120,125,100,100
,205,ブラウンベアー,505,102,104,80,80
,206,狩人,359,135,140,100,100
,206,エルフ戦士,399,120,125,100,100
,206,トレント,541,125,135,100,100
,206,蟲の群れ,491,130,135,100,100
,206,ベアー,505,130,135,90,90
,206,ムン,506,120,120,95,95
,207,鋏昆虫の群れ,490,120,123,100,100
,207,殺人蚊の群れ,491,117,120,100,100
,207,ベアー,505,123,125,95,95
,207,狩人,359,1,1,100,100
,208,キングベアー,507,400,400,120,120
,208,キングベアーの子,506,190,190,60,60
,209,クローラー,482,170,175,100,100
,209,クローラー,482,180,185,100,100
,209,クローラー,482,190,195,100,100
,210,クローラー,482,340,370,100,100
,210,クリーパー,483,340,370,100,100
,210,ソーサラー,377,340,370,100,100
,211,骸骨騎士,321,75,80,100,100
,211,ファミリア,417,70,75,100,100
,211,骸骨狂戦士,311,70,75,100,100
,211,ラティアン,436,77,80,100,100
,212,スナッチャー,366,115,120,100,100
,212,カスター,367,105,110,100,100
,212,傭兵,290,1,1,100,100
,213,骸骨狂戦士,311,140,145,100,100
,213,防御骸骨戦士,315,155,160,100,100
,214,住民,251,1,1,100,100
,214,ウィザード,298,1,1,100,100
,214,ウィザード,299,1,1,100,100
,214,ウィザード,300,1,1,100,100
,214,住民,252,1,1,100,100
,214,ちびっこ,263,1,1,100,100
,214,ぱたっこ,409,1,1,50,50
,214,お嬢さん,256,1,1,100,100
,214,傭兵,291,1,1,100,100
,214,傭兵,290,1,1,100,100
,214,お嬢さん,305,1,1,100,100
,214,住民,304,1,1,100,100
,214,住民,307,1,1,100,100
,214,ちびっこ,261,1,1,100,100
,214,ちびっこ,260,1,1,100,100
,214,アンカルナ,270,1,1,100,100
,215,レッドアイ信奉者,369,46,50,100,100
,216,ビッグマウス,436,49,50,60,60
,216,レッドアイ警備犬,496,130,135,100,100
,216,レッドアイ骨人像,312,130,135,100,100
,217,レッドアイ魔法師,404,56,61,100,100
,217,レッドアイ骨人像,311,62,65,100,100
,217,レッドアイ護衛兵,381,123,130,100,100
,217,レッドアイ魔法師,404,120,122,100,100
,218,レッドアイ魔法師,404,135,137,100,100
,218,レッドアイ護衛兵,381,138,140,100,100
,219,オーガソルジャー,445,450,460,100,100
,219,オーガオフィサー,447,450,450,100,100
,220,オーガ,444,435,445,100,100
,220,オーガソルジャー,445,440,450,100,100
,221,オーガソルジャー,445,425,435,100,100
,221,オーガ,444,425,430,100,100
,222,アイウィング,409,395,405,100,100
,223,アイウィング,409,390,405,100,100
,224,マゴット,481,375,385,100,100
,224,クローラー,482,380,390,100,100
,225,マゴット,481,360,370,100,100
,225,クローラー,482,365,375,100,100
,226,ウルフ,495,350,360,100,100
,226,ブラウンベアー,505,355,360,100,100
,227,ウルフ,495,340,350,100,100
,227,ブラウンベアー,505,350,350,100,100
,228,リザードキリング,426,330,340,100,100
,228,リザードトルーパ,431,335,340,100,100
,229,リザードキリング,426,320,330,100,100
,229,リザードトルーパ,431,325,330,100,100
,230,ゴブリン,416,310,320,100,100
,230,リザードキリング,426,315,320,100,100
,232,ソードスパイダー,466,200,205,80,80
,232,トレント,541,200,205,90,90
,233,ソードスパイダー,466,205,210,100,100
,233,ブラウンベアー,505,205,210,90,90
,234,長老,298,1,1,100,100
,234,ウィザード,299,1,1,100,100
,234,ウィザード,300,1,1,100,100
,235,原始人,371,210,215,100,100
,235,スナイパー,612,210,215,100,110
,236,原始人,370,215,220,100,100
,236,イーター,622,215,220,115,125
,237,レッドアイ所員,390,220,225,100,100
,237,レッドアイ護衛兵,381,225,225,100,100
,238,レッドアイ所員,390,225,225,100,100
,238,レッドアイ護衛兵,381,225,230,110,110
,239,骸骨狂戦士,311,230,230,100,100
,239,レッドアイ護衛兵,381,230,235,100,100
,240,骸骨狂戦士,311,235,235,100,100
,240,デスアックス,312,235,240,120,140
,241,骸骨騎士,321,240,240,100,100
,241,デスナイト,322,240,245,120,120
,242,骸骨騎士,321,245,245,100,100
,242,デスナイト,323,305,305,120,120
,243,ロックゴーレム,526,250,250,100,100
,243,ブラックメイジ,376,250,255,100,100
,244,ロックゴーレム,526,255,255,100,100
,244,ブラックメイジ,376,255,260,120,120
,245,レッドアイ所員,390,260,260,110,110
,245,レッドアイ護衛兵,381,260,265,115,115
,246,レッドアイ所員,390,265,270,100,100
,246,レッドアイ護衛兵,381,270,270,110,110
,247,長老,298,1,1,100,100
,247,ウィザード,299,1,1,100,100
,247,ウィザード,300,1,1,100,100
,248,レッドアイ護衛兵,381,270,270,100,100
,248,レッドアイ幹部,405,270,275,100,100
,249,レッドアイ護衛兵,381,275,280,100,100
,249,レッドアイ幹部,405,275,280,100,100
,250,レッドアイ所員,390,280,285,100,100
,250,レッドアイ幹部,405,285,290,110,110
,251,カルナン,300,1,1,100,100
,251,ウィザード,299,1,1,100,100
,251,傭兵,290,1,1,100,100
,252,バーテンダー,271,1,1,100,100
,252,従業員,305,1,1,100,100
,252,従業員,304,1,1,100,100
,252,住民,302,1,1,100,100
,252,住民,251,1,1,100,100
,252,傭兵,291,1,1,100,100
,252,ウィザード,299,1,1,100,100
,252,住民,250,1,1,100,100
,252,ウィザード,299,1,1,100,100
,252,傭兵,290,1,1,100,100
,252,ウィザード,299,1,1,100,100
,253,ミリア,252,1,1,100,100
,253,お嬢さん,256,1,1,100,100
,253,お嬢さん,257,1,1,100,100
,253,傭兵,291,1,1,100,100
,253,傭兵,290,1,1,100,100
,254,お嬢さん,257,1,1,100,100
,255,住民,255,1,1,100,100
,255,住民,301,1,1,100,100
,255,ちびっこ,262,1,1,100,100
,255,住民,250,1,1,100,100
,255,住民,304,1,1,100,100
,255,ウィザード,300,1,1,100,100
,255,ウィザード,299,1,1,100,100
,255,ちびっこ,275,1,1,100,100
,256,テマラ,303,1,1,100,100
,256,住民,253,1,1,100,100
,256,住民,301,1,1,100,100
,256,住民,254,1,1,100,100
,256,ちびっこ,276,1,1,100,100
,256,ちびっこ,261,1,1,100,100
,256,お嬢さん,273,1,1,100,100
,257,旅館主人,252,1,1,100,100
,257,住民,255,1,1,100,100
,258,レッドアイ所員,390,290,295,100,100
,258,レッドアイ所長,406,295,300,100,100
,258,レッドアイ幹部,405,290,300,100,100
,259,オーガソルジャー,445,264,265,100,100
,259,オーガソルジャー,445,260,263,100,100
,259,サイドウォーカー,486,273,274,100,100
,259,キングクラブ,487,270,273,100,100
,259,蟲の群れ,489,275,275,100,100
,259,サイドウォーカー,486,277,279,100,100
,259,リザードトルーパ,431,275,276,100,100
,259,ウェアーゴート,450,265,266,100,100
,259,シューター,361,266,269,100,100
,259,盗掘者,366,269,270,100,100
,260,プレーガー,331,150,155,100,100
,260,ファントム,1123,155,160,100,100
,260,プレーガー,331,156,160,100,100
,261,プレーガー,331,160,165,100,100
,261,ファントム,1123,165,170,100,100
,261,プレーガー,331,166,170,100,100
,262,プレーガー,331,170,175,100,100
,262,ファントム,1123,170,175,100,100
,263,リザードキリング,426,160,165,100,100
,263,リザードトルーパ,431,160,160,100,100
,263,リザードキリング,426,166,170,100,100
,264,リザードキリング,426,170,175,100,100
,264,リザードキリング,426,176,180,100,100
,264,リザードトルーパ,431,170,170,100,100
,264,リザードキリング,426,173,178,100,100
,264,リザードトルーパ,431,170,170,100,100
,265,アクアスライム,1210,175,180,100,100
,265,クローラー,482,175,175,100,100
,265,アクアスライム,1210,180,185,100,100
,265,アクアスライム,1210,178,182,100,100
,265,クローラー,482,180,185,100,100
,266,メロウ,1257,180,185,100,100
,266,メロウ,1257,185,190,100,100
,266,キャストアイ,767,180,180,100,100
,267,キャストアイ,767,193,195,100,100
,267,メロウ,1257,190,195,100,100
,267,メロウ,1257,195,200,100,100
,268,狂人ウィザード,375,80,87,100,100
,268,狂人ウィザード,375,88,95,103,103
,268,ソーサラー,376,80,88,100,100
,268,ソーサラー,376,88,95,104,104
,268,狂人ハンター,361,80,86,100,100
,268,狂人ハンター,361,87,95,108,108
,269,グレムリン,415,85,90,100,100
,270,ゾンビ,326,71,73,100,100
,270,ゾンビ,326,74,75,100,100
,271,鷲戦士,419,60,63,100,100
,271,鷲闘士,420,63,65,100,100
,271,鷲狂戦士,421,64,65,100,100
,272,鷲狂戦士,421,66,68,100,100
,272,鷲剣士,422,68,70,100,100
,273,グレムリン,415,80,83,100,100
,273,ゴブリン,416,82,85,100,100
,273,シューター,361,80,85,100,100
,274,ゴブリン,416,88,90,100,100
,274,グレムリン,415,86,88,100,100
,274,ウルフ,495,88,88,100,100
,277,コボルト,414,98,102,100,100
,277,ゴブリン,416,98,105,100,100
,277,ウルフ,495,98,105,100,100
,278,リザードマン,424,83,85,100,100
,278,リザードウォリア,425,80,83,100,100
,278,リザードチャージ,430,77,77,100,100
,278,エルフ戦士,399,84,85,100,100
,278,エルフ巡察者,401,80,80,100,100
,278,原始人,371,75,78,100,100
,278,ロックゴーレム,526,75,75,100,100
,279,ハイランダー,396,120,120,70,70
,279,ドルイド,391,125,125,100,100
,279,ヘルマイト,311,125,125,100,100
,279,ヘルビースト,316,125,125,100,100
,279,ヘルナイト,322,100,100,100,100
,279,ヘルシャウト,441,100,100,100,100
,280,サイドウォーカー,486,75,75,100,100
,280,アクアスライム,476,75,75,100,100
,280,オーガ,444,76,78,100,100
,280,ウルフ,495,79,80,100,100
,280,殺人蚊の群れ,491,79,80,100,100
,281,サティロス,530,98,100,100,100
,281,スナッチャー,366,98,100,100,100
,281,ウェアーゴート,1266,94,97,100,100
,281,スナッチャー,366,94,97,100,100
,281,ブラウンベアー,505,89,93,100,100
,281,狩人,359,89,93,100,100
,281,殺人蚊の群れ,1218,70,75,100,100
,281,野良犬,494,85,88,100,100
,282,原始人,371,75,75,100,100
,282,ロックゴーレム,526,72,72,100,100
,283,ハイランダー,396,1,1,100,100
,283,ヘルシャウト,441,1,1,100,100
,283,ハンター,361,125,125,100,100
,283,狩犬,494,120,120,80,80
,284,ハイランダー,396,260,265,70,70
,284,ハイランダー,395,265,270,80,80
,284,シューター,361,275,285,100,100
,284,シューター,361,260,275,100,100
,285,ハイランダー,395,270,275,90,90
,285,ハイランダー,396,275,280,90,90
,285,洞窟狼,495,290,295,100,100
,285,洞窟狼,495,295,300,100,100
,285,ハイランダー隊長,398,270,270,110,110
,286,ソードスパイダー,466,500,505,100,100
,286,デスピンサー,471,502,507,100,100
,286,ソードスパイダー,466,505,510,100,100
,286,デスピンサー,471,508,510,100,100
,287,デスピンサー,471,534,535,100,100
,287,デスピンサー,471,530,533,100,100
,288,ウィーブウィドウ,467,570,570,100,100
,288,ミズナ,468,570,570,200,200
,289,マゴット,481,515,520,100,100
,289,クローラー,482,515,520,100,100
,290,ラットシーフ,437,530,535,100,100
,290,ラットシーフ,437,530,530,100,100
,291,殺人蚊の群れ,491,520,523,100,100
,291,マゴット,481,523,525,100,100
,291,マゴット,481,523,523,100,100
,292,ピエンド,439,540,545,90,90
,292,レッサーデーモン,440,540,545,100,100
,293,オーガソルジャー,445,545,550,100,100
,293,デーモン,441,550,555,100,100
,293,鷲狂戦士,421,547,552,80,80
,294,ピアシングボウ,362,555,560,100,100
,294,ホーンド,451,555,560,100,100
,295,イフリィト,547,111,117,80,80
,295,スルタン,548,100,100,100,100
,296,キングクラブ,487,250,254,105,105
,297,サイドウォーカー,486,275,280,90,90
,297,キングクラブ,487,270,274,105,105
,298,サイドウォーカー,486,280,285,90,90
,298,ジャイアンクラブ,487,275,279,105,105
,299,ジャイアンクラブ,487,280,284,105,105
,299,キャンサー,488,280,280,110,110
,300,ラルヴァ,481,110,115,50,50
,300,殺人蚊の群れ,491,110,115,100,100
,300,クローラー,482,110,115,100,100
,300,ラルヴァ,481,110,110,50,50
,300,クローラー,482,110,110,100,100
,301,洞窟狼,495,115,120,100,100
,301,ダイアーウルフ,188,115,120,110,110
,301,洞窟狼,495,115,115,100,100
,302,アクアスライム,476,254,256,100,100
,302,リザードキリング,426,257,260,100,100
,303,アクアスライム,476,450,455,100,100
,303,水晶烏賊,477,450,455,100,100
,303,スパインガード,476,455,455,100,100
,304,アクアスライム,476,455,460,100,100
,304,水晶烏賊,477,455,460,100,100
,304,スパインガード,476,460,460,100,100
,305,アクアスライム,476,460,465,100,100
,305,水晶烏賊,477,460,465,100,100
,305,スパインガード,476,465,465,100,100
,306,アクアスライム,476,465,470,100,100
,306,水晶烏賊,477,465,470,100,100
,306,スパインガード,476,465,465,100,100
,307,アクアスライム,476,470,475,100,100
,307,水晶烏賊,477,470,475,100,100
,307,スパインガード,476,475,475,100,100
,308,アクアスライム,476,475,480,100,100
,308,水晶烏賊,477,475,480,100,100
,308,スパインガード,476,480,480,100,100
,309,アクアスライム,476,480,485,100,100
,309,水晶烏賊,477,480,485,100,100
,309,スパインガード,476,485,485,100,100
,310,おじさん,250,1,1,100,100
,310,おじさん,251,1,1,100,100
,310,婦人,252,1,1,100,100
,310,婦人,253,1,1,100,100
,310,青年,254,1,1,100,100
,310,ちびっこ,261,1,1,100,100
,310,ちびっこ,263,1,1,100,100
,310,ちびっこ,270,1,1,100,100
,310,ちびっこ,276,1,1,100,100
,310,ロマ,273,1,1,100,100
,310,農民,278,1,1,100,100
,310,農民,279,1,1,100,100
,310,老人,306,1,1,100,100
,310,老人,307,1,1,100,100
,310,ちびっこ,262,1,1,100,100
,310,ちびっこ,260,1,1,100,100
,311,旅館主人,252,1,1,100,100
,311,老人,306,1,1,100,100
,311,老人,307,1,1,100,100
,312,メディ・パン,305,1,1,100,100
,312,おじさん,250,1,1,100,100
,312,青年,304,1,1,100,100
,313,ちびっこ,274,1,1,100,100
,313,おじさん,251,1,1,100,100
,314,農民,279,1,1,100,100
,315,アレン,304,1,1,100,100
,316,農民,279,1,1,100,100
,316,住民,304,1,1,100,100
,316,住民,257,1,1,100,100
,317,リザードウォリア,425,95,100,100,100
,317,リザードキリング,426,90,95,100,100
,317,ウルフ,495,96,97,100,100
,317,リザードトルーパ,431,90,90,100,100
,317,リザードウォリア,425,95,95,100,100
,317,リザードキリング,426,90,95,100,100
,317,ウルフ,495,96,96,100,100
,317,リザードトルーパ,431,90,90,100,100
,318,リザードキリング,426,565,570,100,100
,318,リザードウォリア,425,570,570,100,100
,318,ナーガファイター,427,565,565,100,100
,319,リザードライダー,429,573,575,100,100
,319,リザードチャージ,430,570,573,100,100
,319,リザードトルーパ,431,570,570,100,100
,320,ニックス,534,579,580,100,100
,320,メロウ,535,577,578,100,100
,320,マーマン,536,575,576,100,100
,321,アクアスライム,476,485,490,100,100
,321,水晶烏賊,477,485,490,100,100
,322,ロックゴーレム,526,45,48,100,100
,322,骸骨剣士,7,48,52,100,100
,322,エンバームド,341,52,55,100,100
,322,エルフ巡察者,401,55,55,100,100
,322,セニス,294,1,1,100,100
,323,エルフ戦士,399,55,60,100,100
,323,シューター,361,55,60,100,100
,323,エルフ巡察者,401,55,55,100,100
,323,ゴブリン,416,50,55,100,100
,323,アイウィング,409,50,55,100,100
,323,野良犬,494,60,60,100,100
,323,ソードスパイダー,466,60,60,100,100
,324,ダークエルフ戦士,399,80,85,100,100
,325,ラットマン,434,45,50,120,120
,325,ラットシーフ,437,45,50,100,100
,326,ラットシーフ,437,590,600,100,100
,327,ラットシーフ,437,600,610,100,100
,328,ラットシーフ,437,610,620,100,100
,328,ラットキング,689,620,620,120,120
,329,マーマンファイタ,537,390,405,100,100
,330,ソーサラー,377,405,417,100,100
,330,ソーサラー,377,417,435,100,100
,331,ダークエルフ,361,135,140,100,100
,331,ハイダークエルフ,362,135,135,100,100
,332,ハイダークエルフ,361,143,148,100,100
,332,ダークエルフ刺客,400,143,148,100,100
,332,ダークエルフ巡視,401,143,148,100,100
,333,ダークエルフ,361,138,143,100,100
,333,ダークエルフ戦士,399,138,143,100,100
,334,ブラックエルフ,363,80,80,100,100
,335,鷲闘士,420,570,575,100,100
,335,鷲剣士,422,570,570,100,100
,336,ダークエルフ,361,435,455,100,100
,336,ハイダークエルフ,362,435,455,100,100
,336,ダークエルフ巡視,401,435,455,100,100
,336,ダークエルフ刺客,400,435,455,100,100
,336,ダークエルフ元帥,614,470,470,100,100
,337,ダークエルフ,361,450,460,100,100
,337,ダークエルフ戦士,399,450,455,100,100
,337,ダークエルフ巡視,401,440,445,100,100
,338,ハイダークエルフ,362,450,455,100,100
,338,ダークエルフ巡視,401,450,455,100,100
,338,ダークエルフ騎士,402,450,450,100,100
,338,ダークエルフ,361,460,470,100,100
,338,ダークエルフ戦士,399,460,465,100,100
,339,ダークエルフ,361,470,480,100,100
,339,ダークエルフ戦士,399,475,480,100,100
,339,ダークエルフ巡視,401,470,475,100,100
,339,ダークエルフ騎士,402,470,470,100,100
,339,ダークエルフ王,403,470,470,100,100
,340,ダイアーウルフ,497,1,1,100,100
,340,ロマ,272,1,1,100,100
,340,ロマ,273,1,1,100,100
,340,ロマ,270,1,1,100,100
,340,ロマ,271,1,1,100,100
,341,ケンタウロス騎士,532,48,48,100,100
,341,リザードキリング,426,37,40,100,100
,341,ティンバーマン,540,43,47,100,100
,341,ケンタウロス,531,45,45,100,100
,341,ナーガファイター,427,37,37,100,100
,341,サティロス,530,45,48,100,100
,341,トレント,541,43,43,100,100
,341,リザードキリング,426,58,62,100,100
,341,ナーガファイター,427,58,58,100,100
,342,防御骸骨戦士,6,50,55,100,100
,342,死の双剣士,7,55,60,100,100
,342,デスナイト,13,55,55,120,120
,342,鷲闘士,111,45,50,100,100
,342,鷲剣士,113,45,45,110,110
,342,洞窟狼,186,50,55,100,100
,343,レッドアイ護身像,317,200,220,100,100
,343,デスアックス,312,200,220,100,100
,344,レッドアイ護身像,311,220,240,100,100
,344,レッドアイ骨人像,312,220,240,100,100
,345,レッドアイ信奉者,372,240,260,100,100
,345,レッドアイ所員,391,240,260,100,100
,345,デーモン,441,240,260,100,100
,345,ビホルダー,411,240,260,100,100
,346,レッドアイ信奉者,372,260,280,100,100
,346,レッドアイ所員,391,260,280,100,100
,346,デーモン,441,260,280,100,100
,347,木こり,280,1,1,100,100
,347,木こり,281,1,1,100,100
,348,ゼスリン,306,1,1,100,100
,349,デンヘムラス,302,1,1,100,100
,349,モネン,304,1,1,100,100
,349,アンノープ,301,1,1,100,100
,350,ジェリアース,302,1,1,100,100
,350,青年,254,1,1,100,100
,350,青年,255,1,1,100,100
,350,ヘルン,251,1,1,100,100
,351,アンチビス,304,1,1,100,100
,351,ジェラードエンス,306,1,1,100,100
,351,木こり,281,1,1,100,100
,351,木こり,280,1,1,100,100
,351,おじさん,251,1,1,100,100
,351,ケネル,251,1,1,90,90
,351,カモンデラド,290,1,1,100,100
,352,ティンバーマン,540,64,70,100,100
,352,トレント,541,66,72,100,100
,352,エンティング,543,64,64,100,100
,352,トランクマン,539,70,75,100,100
,353,エルフ戦士,399,65,70,100,100
,353,トランクマン,539,70,75,100,100
,354,探険家,251,1,1,100,100
,355,レッドアイ所員,392,280,300,100,100
,355,サラマンダー,546,290,290,100,100
,356,レッドアイ所員,392,300,320,100,100
,356,サラマンダー,546,310,310,100,100
,356,レッドアイ護身像,316,300,320,100,100
,357,レッドアイ所員,392,320,340,100,100
,357,ガーディアン,348,244,244,100,100
,357,メタルゴーレム,527,244,244,100,100
,357,ガーディアン,347,330,340,100,100
,358,堕落魔法師,375,396,400,80,80
,358,スナッチャー,366,396,400,100,100
,359,ゴブリン,416,401,405,100,100
,359,堕落魔法師,375,401,405,100,100
,360,ゴブリン,416,406,410,100,100
,360,デビルスカラー,391,406,410,100,100
,361,骸骨剣士,316,411,415,100,100
,361,ゴブリン,416,411,415,100,100
,361,デビルスカラー,391,411,415,100,100
,362,骸骨剣士,316,416,420,100,100
,362,ファミリア,417,416,420,100,100
,362,降神術師,392,416,420,100,100
,363,骸骨剣士,316,421,425,100,100
,363,ファミリア,417,421,425,100,100
,363,降神術師,392,421,425,100,100
,363,ブレイマ,452,421,421,90,90
,364,アクアスライム,727,182,187,100,100
,364,殺人蚊の群れ,742,182,187,100,100
,364,マーマンファイタ,788,182,187,100,100
,364,ラットシーフ,688,175,182,100,100
,364,ゴブリン,667,175,182,100,100
,364,ダークプリースト,638,175,182,100,100
,364,デビルスカラー,642,185,190,100,100
,364,オーガソルジャー,696,185,190,100,100
,364,リプリートマーキ,801,178,182,50,50
,364,原始人,622,178,182,100,100
,364,イーター,623,178,182,100,100
,364,シャーマン,624,182,182,100,100
,364,砂漠スパイダー,717,178,178,50,50
,365,傭兵,290,1,1,100,100
,365,傭兵,291,1,1,100,100
,365,エンバームド,592,345,350,100,100
,365,マミー,593,345,350,100,100
,365,ローストアーマー,599,350,355,100,100
,365,サティロス,781,350,355,100,100
,365,ボイドラスター,806,350,355,100,100
,365,ディザースター,180,355,360,100,100
,365,殺人蚊の群れ,742,355,360,100,100
,365,プロド,264,1,1,100,100
,366,フェイズスパイダ,716,76,80,100,100
,366,ビッグアブラムシ,732,72,74,100,100
,366,殺人蚊の群れ,742,68,70,100,100
,366,デビルスカラー,642,75,77,100,100
,366,ラットシーフ,125,70,73,100,100
,366,トレント,792,75,80,100,100
,366,ティンバーマン,791,75,80,100,100
,366,エンティング,793,75,75,100,100
,366,傭兵,291,1,1,100,100
,366,傭兵,290,1,1,100,100
,366,農民,278,1,1,100,100
,366,農民,279,1,1,100,100
,366,ちびっこ,260,1,1,100,100
,366,ちびっこ,261,1,1,100,100
,366,ちびっこ,262,1,1,100,100
,366,ちびっこ,263,1,1,100,100
,367,ブラックベアー,195,60,65,100,100
,367,ブラウンベアー,196,60,65,100,100
,367,鷲闘士,111,65,70,100,100
,367,鷲剣士,112,70,75,100,100
,367,ウルフ,186,55,60,100,100
,367,ウルフリーダー,495,60,65,100,100
,367,ビッグクラブ,736,45,50,100,100
,367,マーマン,226,55,60,100,100
,367,オーガソルジャー,135,47,52,100,100
,367,傭兵,290,1,1,100,100
,367,傭兵,291,1,1,100,100
,367,エンリカ,257,1,1,100,100
,367,木こり,280,1,1,100,100
,367,おばさん,252,1,1,100,100
,367,おじさん,250,1,1,100,100
,367,おばあさん,259,1,1,100,100
,367,お嬢さん,256,1,1,100,100
,367,青年,304,1,1,100,100
,367,おじさん,251,1,1,100,100
,367,青年,255,1,1,100,100
,368,ゴーレム,215,16,17,100,100
,368,トランクマン,230,15,16,100,100
,368,クレイゴーレム,215,24,25,100,100
,368,トランクマン,230,25,26,100,100
,369,フェイズスパイダ,716,60,65,100,100
,369,アブラムシ,732,63,66,100,100
,369,ウルフ,746,66,70,100,100
,369,ティンバーマン,791,72,75,100,100
,369,トレント,792,69,74,100,100
,369,農民,278,1,1,100,100
,369,農民,279,1,1,100,100
,369,ダスイージ,718,80,80,100,100
,369,飛海月,725,75,75,100,100
,369,スパイダー,715,76,80,100,100
,369,ティアーク,642,1,1,100,100
,369,デビルスカラー,642,60,65,100,100
,370,エアスライム,167,45,50,100,100
,370,キャストアイ,207,52,57,100,100
,370,堕落魔法師,66,55,60,100,100
,370,眩惑された原始人,62,50,55,100,100
,370,チスス,627,1,1,120,120
,370,チススパーミリア,101,45,45,50,50
,370,堕落魔法師,67,60,65,100,100
,370,パン,221,57,60,100,100
,370,ガーゴイル,211,55,58,100,100
,370,オニキスガゴイル,211,75,80,100,100
,370,漁師,250,1,1,100,100
,370,漁師,258,1,1,100,100
,370,漁師,283,1,1,100,100
,370,漁師,306,1,1,100,100
,370,漁師,301,1,1,100,100
,370,シャーマン,64,1,1,100,100
,370,原始人,62,1,1,100,100
,370,ウェイリーン,305,1,1,100,100
,370,セブロー,302,1,1,100,100
,371,メルド,306,1,1,100,100
,371,ピツ,307,1,1,100,100
,371,フィリアーク,290,1,1,100,100
,371,レイブン,291,1,1,100,100
,371,マリリン,257,1,1,100,100
,371,ダッシュ,271,1,1,100,100
,371,アルツ,275,1,1,100,100
,371,コルウェン,304,1,1,100,100
,371,トランクマン,231,47,50,100,100
,371,殺人蚊の群れ,182,43,46,100,100
,371,グリムジョーカー,805,10,10,100,100
,371,傭兵,290,1,1,100,100
,372,エルフ戦士,90,50,54,100,100
,372,エルフ戦士,90,55,58,100,100
,372,エルフ戦士長,91,50,50,100,100
,372,エルフ戦士長,91,52,52,100,100
,372,トランスエント,234,1,1,100,100
,372,トランスエンティ,793,1,1,100,100
,372,トランストレント,792,1,1,100,100
,372,ブレイザー,202,60,62,100,100
,372,キャストアイ,207,54,56,100,100
,372,ティンバーマン,232,53,56,100,100
,372,エド,252,1,1,100,100
,373,農民,278,1,1,100,100
,373,農民,279,1,1,100,100
,373,農民,253,1,1,100,100
,373,農民,306,1,1,100,100
,373,ちびっこ,260,1,1,100,100
,373,ちびっこ,261,1,1,100,100
,373,ミツバチの群れ,180,1,1,10,10
,373,農民の若者,304,1,1,100,100
,373,農民の若者,254,1,1,100,100
,373,ちびっこ,262,1,1,100,100
,373,ちびっこ,263,1,1,100,100
,373,子犬,185,1,1,50,50
,373,おばさん,252,1,1,100,100
,373,おばあさん,307,1,1,100,100
,373,お嬢さん,305,1,1,100,100
,373,お嬢さん,256,1,1,100,100
,373,お嬢さん,257,1,1,100,100
,373,青年,255,1,1,100,100
,373,おじさん,302,1,1,100,100
,373,傭兵,290,1,1,100,100
,373,傭兵,291,1,1,100,100
,373,おじさん,251,1,1,100,100
,373,旅館主人,264,1,1,100,100
,373,おじさん,250,1,1,100,100
,373,貴族,265,1,1,100,100
,373,貴族婦人,266,1,1,100,100
,373,警備兵,284,1,1,100,100
,373,青年,304,1,1,100,100
,373,貴族の男の子,268,1,1,100,100
,373,貴族の女の子,269,1,1,100,100
,373,セハ,300,1,1,100,100
,374,傭兵,290,1,1,100,100
,374,傭兵,291,1,1,100,100
,374,兵士,284,1,1,100,100
,374,軍人,294,1,1,100,100
,374,軍人,296,1,1,100,100
,374,軍人,297,1,1,100,100
,374,ポテムスン,251,1,1,100,100
,375,青年,254,1,1,100,100
,375,青年,255,1,1,100,100
,375,おじさん,250,1,1,100,100
,375,おじさん,251,1,1,100,100
,375,おばさん,252,1,1,100,100
,375,おばさん,253,1,1,100,100
,375,お嬢さん,256,1,1,100,100
,375,お嬢さん,257,1,1,100,100
,375,ちびっこ,260,1,1,100,100
,375,ちびっこ,261,1,1,100,100
,375,ちびっこ,262,1,1,100,100
,375,ちびっこ,263,1,1,100,100
,375,貴族,264,1,1,100,100
,375,貴族,265,1,1,100,100
,375,傭兵,290,1,1,100,100
,375,傭兵,291,1,1,100,100
,375,貴族,266,1,1,100,100
,375,貴族,267,1,1,100,100
,375,船員,283,1,1,100,100
,375,ポーター,281,1,1,100,100
,375,お嬢さん,305,1,1,100,100
,375,青年,304,1,1,100,100
,375,おじさん,301,1,1,100,100
,375,おばあさん,307,1,1,100,100
,375,ロマ,271,1,1,100,100
,375,ケトン,299,1,1,100,100
,375,おじいさん,258,1,1,100,100
,375,ちびっこ,269,1,1,100,100
,375,ちびっこ,263,1,1,100,100
,375,ちびっこ,276,1,1,100,100
,376,廃墟ガイド,281,1,1,100,100
,376,おじいさん,258,1,1,100,100
,376,おばあさん,259,1,1,100,100
,376,傭兵,290,1,1,100,100
,376,おばさん,253,1,1,100,100
,376,ダマ,55,1,1,100,100
,376,ウェイス,55,1,1,100,100
,377,ブローム,265,1,1,100,100
,378,未知の赤い悪魔,149,100,100,100,100
,378,赤い悪魔追従者,374,50,50,100,100
,378,ファイアブロアー,200,50,50,100,100
,378,ピエンド,130,50,50,100,100
,378,飛海月,165,55,55,100,100
,378,凍破,206,55,55,100,100
,378,ニックス,225,55,55,100,100
,378,リプリートマーキ,241,60,60,100,100
,378,グリムジョーカー,245,65,65,100,100
,378,マーブルガゴイル,211,70,70,100,100
,378,ロックゴーレム,217,75,75,100,100
,378,インプ,109,50,50,100,100
,378,鷲剣士,113,52,52,100,100
,378,ナーガファイター,118,54,54,100,100
,379,エルレイド,257,1,1,100,100
,379,青年,255,1,1,100,100
,379,パルメ,306,1,1,100,100
,379,おじさん,250,1,1,100,100
,379,おばさん,252,1,1,100,100
,379,お嬢さん,256,1,1,100,100
,379,お嬢さん,257,1,1,100,100
,379,おばあさん,259,1,1,100,100
,379,おばあさん,307,1,1,100,100
,379,青年,304,1,1,100,100
,379,ルイズ,283,1,1,100,100
,380,ファイアドレイク,796,370,375,100,100
,380,ディムジェスター,800,370,375,100,100
,380,鎧霊,596,375,380,100,100
,380,サティロス,781,375,380,100,100
,380,ブラックメイジ,627,380,385,100,100
,380,ウェアーゴート,701,380,385,100,100
,380,ヴァンパイア,600,385,390,100,100
,380,ブレイザー,762,385,390,100,100
,381,包帯人間,591,395,400,100,100
,381,エンバームド,592,400,405,100,100
,381,イリュージョン,586,400,405,100,100
,381,デスピンサー,722,540,545,100,100
,381,食人スコーピオン,723,540,545,100,100
,381,ソードスパイダー,717,545,550,100,100
,381,ウィーブウィドウ,718,545,550,100,100
,381,殺人蚊の群れ,742,550,555,100,100
,381,ファントム,587,415,420,100,100
,382,ファイアドレイク,796,575,580,100,100
,382,ディムジェスター,800,575,580,100,100
,382,鎧霊,596,570,575,100,100
,382,サティロス,781,570,575,100,100
,382,ブラックメイジ,627,565,570,100,100
,382,ウェアーゴート,701,565,570,100,100
,382,ヴァンパイア,600,560,565,100,100
,382,ブレイザー,762,560,565,100,100
,383,ロックゴーレム,777,610,615,100,100
,383,デビルスカラー,642,610,615,100,100
,383,ブレイザー,762,620,620,100,100
,384,ロックゴーレム,777,625,625,100,100
,384,デビルスカラー,642,620,625,100,100
,384,メタルゴーレム,778,630,630,100,100
,384,ブレイザー,762,630,630,100,100
,385,拷問技術者,618,365,370,100,100
,385,拷問された商人,582,350,355,100,100
,385,拷問された農民,577,350,355,100,100
,385,グラッジゴースト,588,370,375,100,100
,386,ミカエヌ,308,1,1,100,100
,386,ミルツ,308,1,1,100,100
,386,ガリエル,308,1,1,100,100
,386,見習い天使,308,1,1,100,100
,387,エルフ戦士,650,340,345,100,100
,387,エルフ暗殺者,651,344,348,100,100
,387,エルフ巡察者,652,348,352,100,100
,387,サティロス,781,340,345,100,100
,387,ケンタウロス,782,345,350,100,100
,388,エルフ戦士,650,370,375,100,100
,388,エルフ暗殺者,651,373,378,100,100
,388,エルフ巡察者,652,375,380,100,100
,388,ブラウンベアー,756,378,383,100,100
,388,ポーラーベアー,195,380,385,100,100
,388,サティロス,781,375,380,100,100
,389,トランクマン,790,280,285,100,100
,389,ティンバーマン,791,280,285,100,100
,389,トレント,792,280,285,100,100
,389,マーブルガゴイル,771,280,285,100,100
,390,トランクマン,790,285,290,100,100
,390,ティンバーマン,791,285,290,100,100
,390,トレント,792,285,290,100,100
,390,マーブルガゴイル,771,287,290,100,100
,391,鷲王,674,1,1,100,100
,391,鷲狂戦士,672,615,620,100,100
,391,偽予言者,644,620,625,100,100
,391,エクソシスト,636,620,625,100,100
,392,アロト,251,1,1,100,100
,392,青年,255,1,1,100,100
,392,傭兵,290,1,1,100,100
,393,傭兵,290,1,1,100,100
,393,傭兵,291,1,1,100,100
,394,ガイル,254,1,1,100,100
,394,青年,255,1,1,100,100
,394,長老,298,1,1,100,100
,394,住民,301,1,1,100,100
,395,ゲール,254,1,1,100,100
,396,チェルリン,256,1,1,100,100
,396,傭兵,291,1,1,100,100
,396,傭兵,290,1,1,100,100
,397,ロマジカルバンド,271,1,1,100,100
,397,ロマジカルバンド,272,1,1,100,100
,397,ロマジカルバンド,277,1,1,100,100
,397,商人,301,1,1,100,100
,398,セルダン,306,1,1,100,100
,398,婦人,253,1,1,100,100
,398,青年,255,1,1,100,100
,399,神父,288,1,1,100,100
,399,修道女,289,1,1,100,100
,399,おばさん,252,1,1,100,100
,399,ちびっこ,263,1,1,100,100
,399,歴史学者,306,1,1,100,100
,400,傭兵,290,1,1,100,100
,401,アイウィング,660,20,25,100,100
,401,ゴートマン,700,25,25,100,100
,401,リーチ,731,22,22,100,100
,401,堕落聖職者,637,20,20,100,100
,402,堕落魔法師,626,25,27,100,100
,402,ワーム,730,27,27,100,100
,402,堕落魔法師,626,30,32,100,100
,402,スリップワーカー,580,26,28,100,100
,402,ブレイザー,762,28,30,100,100
,402,巨人骸骨,571,30,32,100,100
,402,ゴースト,585,27,29,100,100
,402,ブラックメイジ,627,35,35,100,100
,402,エルフ暗殺者,651,5,7,100,100
,402,デスピンサー,722,5,7,100,100
,403,フェイズスパイダ,716,30,32,100,100
,403,サティロス,781,34,36,100,100
,404,骸骨狂戦士,562,65,70,100,100
,404,イリュージョン,586,65,70,100,100
,404,骸骨剣士,567,65,70,100,100
,404,幽霊鎧,37,65,70,100,100
,404,リザードウォリア,676,70,75,100,100
,404,オーガソルジャー,696,70,75,100,100
,404,グレムリン,666,75,75,100,100
,405,デーモン,692,315,320,100,100
,405,リザードトルーパ,682,315,320,100,100
,405,ビホルダー,662,360,370,100,100
,405,リザードキリング,677,325,330,100,100
,405,レイス,606,410,420,100,100
,405,守護鎧,598,350,355,100,100
,405,バンシー,588,355,360,100,100
,405,古代ヴァンパイア,601,360,365,100,100
,405,エンバームド,592,410,420,100,100
,405,ウィルオウィスプ,807,510,520,100,100
,405,デーモン,692,380,390,100,100
,405,リザードトルーパ,682,380,390,100,100
,405,リザードキリング,677,380,390,100,100
,406,ベロンス,306,1,1,100,100
,406,お嬢さん,256,1,1,100,100
,406,ちびっこ,261,1,1,100,100
,406,ちびっこ,263,1,1,100,100
,406,傭兵,290,1,1,100,100
,407,ニスケリア,256,1,1,100,100
,407,グロディン,304,1,1,100,100
,407,傭兵,290,1,1,100,100
,407,青年,302,1,1,100,100
,407,おじさん,251,1,1,100,100
,408,ジェフメントス,301,1,1,100,100
,408,傭兵,290,1,1,100,100
,408,おじさん,251,1,1,100,100
,409,ギルバート,773,5,5,110,110
,409,ヒュージマゴット,172,23,25,100,100
,409,オーガ,135,18,21,100,100
,409,クラブシェル,175,25,28,100,100
,409,オーガソルジャー,136,23,26,100,100
